{"0": [[[1.3342405130859334], [0.4250135774656667], [0.4273980394096667], [1.545466986728718], [1.364617463495091], [0.4309620670113734], [0.43187918214656157], [0.4282838415509783]], [-0.8457427130060451, -0.17511633774877985, -0.06427592879691389, 1.309158842195245, -1.0130965199674202, 0.007546970338044503, 0.0217158159081228, -0.04121582358695349]], "1": [[[-0.7668623234361965, 0.9898285256583992, 0.9965154483558365, -1.1984098968645445, -0.8734221658154567, 0.787849307530076, 0.73444562334883, 0.9565530460473527], [0.7577401475841667, -0.9520266846162382, -0.8842041171493801, 1.0338279548053866, 0.8170895343495449, -0.7439029743894325, -0.7123574706829768, -0.879295742925554], [0.9232796222668141, -1.1633381769587774, -1.129945378359091, 1.3016663553340717, 1.0210300554928515, -0.9801325637258977, -0.9166959278028631, -1.133653298129789], [-1.1339623115384792, 1.3932648529282936, 1.4950725430331198, -1.693249679685444, -1.2632160233962355, 1.2797380300667391, 1.2073425833117954, 1.4889094243040621]], [-0.5413226465079904, 0.5100626840836792, 0.7948665830252223, -1.2001849180763424]], "2": [[[-2.5571702144167863, 2.742581422230488, 3.465931473027376, -4.0362548564699114]], [0.8281143482865722]]}