{"0": [[[-0.3596059435333234], [-1.0601571347233845], [-0.35953000419199144], [0.35916942690100373], [-0.36273692742658303], [-1.0985017921472455], [-1.1085959958179032], [-0.35982658938671175]], [-0.0371662608575386, 0.012891623344491164, -0.045477501879538466, 0.1211436347051164, 0.07462834404451586, 0.3254887889574913, -0.43590531402745275, -0.02427831332545131]], "1": [[[-0.00805832630509633, -0.13504698538646917, -0.0024717443607185714, -0.031036502152839162, 0.01412474143540123, -0.13785621065208556, -0.11413638123227463, 0.017642716693970138], [-1.2792735592625561, 1.1845583175398766, -1.2664503864981482, 1.3633603823638556, -1.112329707386638, 1.2270307662931699, 1.105156413137086, -1.2650901676033401], [1.5122103406765735, -1.424641804661498, 1.5256479615751684, -1.6327530169051692, 1.5775243394825125, -1.495798565249845, -1.2962599930817906, 1.5292731389739702], [1.2113499428267596, -1.16983741395206, 1.2114676777372186, -1.2621694478679584, 1.1666438235268939, -1.2299363846670104, -1.070320229426612, 1.2052462162370914]], [-0.06577195542511471, 0.08146287774040882, -0.1655913280818791, -0.07650614914712006]], "2": [[[-0.07355562152499033, -3.8533178452697743, 4.116274966323197, 3.202522187388605]], [-1.4716137884753557]]}