{"0": [[[-0.3738602706693184], [-1.2596683397599584], [-1.2141891681719281], [-0.3755544890785788], [0.3706145201744449], [-0.37321024902762917], [-0.3704092209971756], [-0.37574637297874064]], [0.010208477842678247, -0.6530180218155242, 0.3628168484619728, 0.04363117635750017, 0.0791478581953459, -0.00048040597232031654, -0.09405818103346052, 0.04661590674342881]], "1": [[[0.9515000715667069, -1.143605108373568, -2.062930754834919, 0.9798033033950861, -0.936194216577371, 0.9399518772130323, 0.816746969396401, 0.9930912033838708], [-0.2980968883218195, 0.47902428283902526, 0.6993221363642028, -0.2961742706554731, 0.26348435509830553, -0.32691288620474585, -0.2761016421050651, -0.29046456688149014], [0.9057566071189661, -1.0791432149182785, -1.9571908193686673, 0.8959018149631952, -0.8619392973231124, 0.8975422092924545, 0.7782167304261685, 0.9235727807402947], [-1.0873003177716476, 1.3167331709649, 2.2213945469706515, -1.105971420275108, 1.1524336708923166, -1.0948858942676087, -0.9707847622613581, -1.1138851188041858]], [-0.21083027866657397, 0.048851807471026014, -0.19598792568034654, 0.2998407873914083]], "2": [[[3.2786911402825947, -1.2597976783554097, 3.065598355871081, -3.9683190585948545]], [-0.6440242805820525]]}