{"0": [[[-1.3390024561989022], [-0.3777399191458806], [-1.3125470973580646], [2.5025408031226966], [-1.3195098944371906], [-0.3779950696342428], [-0.38235762658681777], [-0.3774524044092817]], [0.5251090740624936, -0.038778008118400945, -0.3849180292871753, 0.04491926962724166, -0.4039180388798968, -0.02234891363995242, 0.11663091984117467, -0.08704546498381542]], "1": [[[1.7178482699195086, -1.654388544514535, 1.5816245768433121, 0.6020056215538641, 0.8566298713289618, -1.6596929846659343, -1.6368499528273315, -1.6517742281743137], [-1.3068209125008103, 1.1549508612561998, -1.179118819871495, -0.3335624150875824, -0.5951510598843026, 1.1596396890680079, 1.2139210358296832, 1.1304027615487404], [0.4305069399463576, -0.44472229920886003, 0.3944467401225607, -0.028618630563341147, 0.25692759768330825, -0.42812338767492036, -0.3922133384948667, -0.43419981713394895], [-1.5806027347046112, 1.3753761762905288, -1.425759341528241, -0.5193065020278574, -0.684686729668259, 1.4235093166171935, 1.5360401630625267, 1.3345673769161228]], [0.8823439791190254, -0.5312495729126944, 0.10180254698055169, -0.6717291038284176]], "2": [[[-4.466614989980958, 3.0453675174656327, -1.1932630793470194, 3.8028741340645693]], [-0.8086928936444363]]}